{
    "$schema": "http://json-schema.org/draft-07/schema#",
    "$id": "http://example.com/example.json",
    "type": "object",
    "properties": {
      "id": {
        "type": "string",
        "minLength": 1
      },
      "title": {
        "type": "string",
        "minLength": 1
      },
      "type": {
        "type":"string",
        "minLength":1
      },
      "cast_list": {
        "type": "string",
        "minLength": 1
      },
      "description": {
        "type": "string",
        "minLength": 1
      }
    },
    "additionalProperties": false,
    "required": [
      "id",
      "title",
      "type",
      "cast_list",
      "description"
    ]
}
  