{
  "$schema": "http://json-schema.org/draft-07/schema#",
  "$id": "http://example.com/example.json",
  "type": "object",
  "properties": {
    "password": {
      "type": "string",
      "minLength": 5,
      "maxLength": 20
    },
    "first_name": {
      "type": "string",
      "minLength": 1,
      "maxLength": 30
    },
    "last_name": {
      "type": "string",
      "minLength": 1,
      "maxLength": 30
    },
    "email": {
      "type": "string",
      "minLength": 6,
      "maxLength": 60,
      "format": "email"
    }
  },
  "additionalProperties": false,
  "required": []
}
